scaffold,mutation_family,field,shape,n
prose,antecedent_rebind,current_revision_atom,"dict:concludes,requires,rule",635
prose,antecedent_rebind,current_revision_atom,"dict:concludes,requires,rule_id",13
prose,antecedent_rebind,historical_revision_atom,"dict:concludes,requires,rule",635
prose,antecedent_rebind,historical_revision_atom,"dict:concludes,requires,rule_id",13
prose,consequent_flip,current_revision_atom,"dict:concludes,id,requires",1
prose,consequent_flip,current_revision_atom,"dict:concludes,requires,rule",612
prose,consequent_flip,current_revision_atom,"dict:concludes,requires,rule_id",32
prose,consequent_flip,current_revision_atom,"dict:concludes,requires,subject",3
prose,consequent_flip,historical_revision_atom,"dict:concludes,id,requires",1
prose,consequent_flip,historical_revision_atom,"dict:concludes,requires,rule",612
prose,consequent_flip,historical_revision_atom,"dict:concludes,requires,rule_id",32
prose,consequent_flip,historical_revision_atom,"dict:concludes,requires,subject",3
prose,priority_reversal,current_revision_atom,list:2,648
prose,priority_reversal,historical_revision_atom,list:2,648
prose,rule_retirement_replacement,current_revision_atom,"dict:concludes,id,requires",1
prose,rule_retirement_replacement,current_revision_atom,"dict:concludes,requires,rule",569
prose,rule_retirement_replacement,current_revision_atom,"dict:concludes,requires,rule_id",78
prose,rule_retirement_replacement,historical_revision_atom,"dict:concludes,id,requires",1
prose,rule_retirement_replacement,historical_revision_atom,"dict:concludes,requires,rule",569
prose,rule_retirement_replacement,historical_revision_atom,"dict:concludes,requires,rule_id",78
typed,antecedent_rebind,current_revision_atom,"dict:id,if,then",54
typed,antecedent_rebind,historical_revision_atom,"dict:id,if,then",54
typed,consequent_flip,current_revision_atom,"dict:id,if,then",54
typed,consequent_flip,historical_revision_atom,"dict:id,if,then",54
typed,priority_reversal,current_revision_atom,"dict:id,if,then",1
typed,priority_reversal,current_revision_atom,list:2,53
typed,priority_reversal,historical_revision_atom,"dict:id,if,then",1
typed,priority_reversal,historical_revision_atom,list:2,53
typed,rule_retirement_replacement,current_revision_atom,"dict:id,if,then",54
typed,rule_retirement_replacement,historical_revision_atom,"dict:id,if,then",54
