comparison_id,target,artifact_family,intervention_kind,n_pairs,before_correct,before_accuracy,after_correct,after_accuracy,improved,regressed,both_correct,both_wrong,net_correct_delta,prompt_identical,raw_response_identical,changed_cases,changed_worlds
prior_target_to_current_target,compute:direct_source,counterfactual_complete,edge_reversal,16,12,0.75,13,0.8125,1,0,12,3,1,16,15,1,1
prior_target_to_current_target,compute:direct_source,counterfactual_complete,fact_removal,16,10,0.625,10,0.625,0,0,10,6,0,16,16,0,0
prior_target_to_current_target,compute:direct_source,current_complete,edge_reversal,16,16,1.0,16,1.0,0,0,16,0,0,16,16,0,0
prior_target_to_current_target,compute:direct_source,current_complete,fact_removal,16,16,1.0,16,1.0,0,0,16,0,0,16,16,0,0
prior_target_to_current_target,compute:direct_source,dependency_contradictory,edge_reversal,16,15,0.9375,15,0.9375,1,1,14,0,0,16,14,2,2
prior_target_to_current_target,compute:direct_source,dependency_contradictory,fact_removal,16,10,0.625,10,0.625,2,2,8,4,0,16,12,3,3
prior_target_to_current_target,compute:direct_source,dependency_omitted,edge_reversal,16,16,1.0,15,0.9375,0,1,15,0,-1,16,15,1,1
prior_target_to_current_target,compute:direct_source,dependency_omitted,fact_removal,16,12,0.75,10,0.625,2,4,8,2,-2,16,10,6,6
prior_target_to_current_target,compute:model_literal,counterfactual_complete,edge_reversal,16,13,0.8125,13,0.8125,1,1,12,2,0,12,13,2,2
prior_target_to_current_target,compute:model_literal,counterfactual_complete,fact_removal,16,10,0.625,10,0.625,0,0,10,6,0,13,16,0,0
prior_target_to_current_target,compute:model_literal,current_complete,edge_reversal,16,16,1.0,16,1.0,0,0,16,0,0,9,16,0,0
prior_target_to_current_target,compute:model_literal,current_complete,fact_removal,16,16,1.0,16,1.0,0,0,16,0,0,12,16,0,0
prior_target_to_current_target,compute:model_literal,dependency_contradictory,edge_reversal,16,4,0.25,2,0.125,2,4,0,10,-2,10,9,5,5
prior_target_to_current_target,compute:model_literal,dependency_contradictory,fact_removal,16,5,0.3125,3,0.1875,3,5,0,8,-2,7,4,5,5
prior_target_to_current_target,compute:model_literal,dependency_omitted,edge_reversal,16,16,1.0,16,1.0,0,0,16,0,0,10,16,0,0
prior_target_to_current_target,compute:model_literal,dependency_omitted,fact_removal,16,9,0.5625,8,0.5,3,4,5,4,-1,12,7,5,5
prior_target_to_current_target,compute:oracle_literal,counterfactual_complete,edge_reversal,16,12,0.75,14,0.875,3,1,11,1,2,16,12,3,3
prior_target_to_current_target,compute:oracle_literal,counterfactual_complete,fact_removal,16,11,0.6875,10,0.625,0,1,10,5,-1,16,15,1,1
prior_target_to_current_target,compute:oracle_literal,current_complete,edge_reversal,16,16,1.0,16,1.0,0,0,16,0,0,16,16,0,0
prior_target_to_current_target,compute:oracle_literal,current_complete,fact_removal,16,16,1.0,16,1.0,0,0,16,0,0,16,16,0,0
prior_target_to_current_target,compute:oracle_literal,dependency_contradictory,edge_reversal,16,15,0.9375,15,0.9375,1,1,14,0,0,16,14,2,2
prior_target_to_current_target,compute:oracle_literal,dependency_contradictory,fact_removal,16,15,0.9375,16,1.0,1,0,15,0,1,16,15,1,1
prior_target_to_current_target,compute:oracle_literal,dependency_omitted,edge_reversal,16,16,1.0,15,0.9375,0,1,15,0,-1,16,15,1,1
prior_target_to_current_target,compute:oracle_literal,dependency_omitted,fact_removal,16,8,0.5,11,0.6875,5,2,6,3,3,16,8,5,5
prior_target_to_current_target,literal:active_conclusions,counterfactual_complete,edge_reversal,16,16,1.0,16,1.0,0,0,16,0,0,16,16,0,0
prior_target_to_current_target,literal:active_conclusions,counterfactual_complete,fact_removal,16,15,0.9375,16,1.0,1,0,15,0,1,16,15,1,1
prior_target_to_current_target,literal:active_conclusions,current_complete,edge_reversal,16,16,1.0,16,1.0,0,0,16,0,0,16,16,0,0
prior_target_to_current_target,literal:active_conclusions,current_complete,fact_removal,16,15,0.9375,16,1.0,1,0,15,0,1,16,15,1,1
prior_target_to_current_target,literal:active_conclusions,dependency_contradictory,edge_reversal,16,16,1.0,16,1.0,0,0,16,0,0,16,16,0,0
prior_target_to_current_target,literal:active_conclusions,dependency_contradictory,fact_removal,16,13,0.8125,16,1.0,3,0,13,0,3,16,13,2,2
prior_target_to_current_target,literal:active_conclusions,dependency_omitted,edge_reversal,16,16,1.0,16,1.0,0,0,16,0,0,16,16,0,0
prior_target_to_current_target,literal:active_conclusions,dependency_omitted,fact_removal,16,16,1.0,15,0.9375,0,1,15,0,-1,16,15,1,1
prior_target_to_current_target,literal:active_rules,counterfactual_complete,edge_reversal,16,14,0.875,14,0.875,2,2,12,0,0,16,12,4,4
prior_target_to_current_target,literal:active_rules,counterfactual_complete,fact_removal,16,16,1.0,15,0.9375,0,1,15,0,-1,16,15,1,1
prior_target_to_current_target,literal:active_rules,current_complete,edge_reversal,16,12,0.75,10,0.625,2,4,8,2,-2,16,10,3,3
prior_target_to_current_target,literal:active_rules,current_complete,fact_removal,16,15,0.9375,14,0.875,1,2,13,0,-1,16,13,3,3
prior_target_to_current_target,literal:active_rules,dependency_contradictory,edge_reversal,16,11,0.6875,13,0.8125,2,0,11,3,2,16,14,2,2
prior_target_to_current_target,literal:active_rules,dependency_contradictory,fact_removal,16,15,0.9375,16,1.0,1,0,15,0,1,16,15,1,1
prior_target_to_current_target,literal:active_rules,dependency_omitted,edge_reversal,16,13,0.8125,12,0.75,0,1,12,3,-1,16,15,1,1
prior_target_to_current_target,literal:active_rules,dependency_omitted,fact_removal,16,15,0.9375,14,0.875,1,2,13,0,-1,16,13,3,3
prior_target_to_current_target,literal:current_answer,counterfactual_complete,edge_reversal,16,16,1.0,16,1.0,0,0,16,0,0,16,16,0,0
prior_target_to_current_target,literal:current_answer,counterfactual_complete,fact_removal,16,16,1.0,16,1.0,0,0,16,0,0,16,15,0,0
prior_target_to_current_target,literal:current_answer,current_complete,edge_reversal,16,16,1.0,16,1.0,0,0,16,0,0,16,13,0,0
prior_target_to_current_target,literal:current_answer,current_complete,fact_removal,16,16,1.0,16,1.0,0,0,16,0,0,16,12,0,0
prior_target_to_current_target,literal:current_answer,dependency_contradictory,edge_reversal,16,16,1.0,16,1.0,0,0,16,0,0,16,15,0,0
prior_target_to_current_target,literal:current_answer,dependency_contradictory,fact_removal,16,16,1.0,16,1.0,0,0,16,0,0,16,16,0,0
prior_target_to_current_target,literal:current_answer,dependency_omitted,edge_reversal,16,16,1.0,16,1.0,0,0,16,0,0,16,16,0,0
prior_target_to_current_target,literal:current_answer,dependency_omitted,fact_removal,16,16,1.0,16,1.0,0,0,16,0,0,16,15,0,0
prior_target_to_current_target,literal:facts,counterfactual_complete,edge_reversal,16,2,0.125,3,0.1875,3,2,0,11,1,16,11,4,4
prior_target_to_current_target,literal:facts,counterfactual_complete,fact_removal,16,3,0.1875,4,0.25,1,0,3,12,1,16,15,1,1
prior_target_to_current_target,literal:facts,current_complete,edge_reversal,16,4,0.25,3,0.1875,2,3,1,10,-1,16,10,5,5
prior_target_to_current_target,literal:facts,current_complete,fact_removal,16,5,0.3125,3,0.1875,0,2,3,11,-2,16,14,2,2
prior_target_to_current_target,literal:facts,dependency_contradictory,edge_reversal,16,3,0.1875,3,0.1875,1,1,2,12,0,16,14,2,2
prior_target_to_current_target,literal:facts,dependency_contradictory,fact_removal,16,4,0.25,3,0.1875,0,1,3,12,-1,16,15,1,1
prior_target_to_current_target,literal:facts,dependency_omitted,edge_reversal,16,3,0.1875,1,0.0625,1,3,0,12,-2,16,10,4,4
prior_target_to_current_target,literal:facts,dependency_omitted,fact_removal,16,5,0.3125,7,0.4375,5,3,2,6,2,16,8,7,7
prior_target_to_current_target,literal:fired_priority_edges,counterfactual_complete,edge_reversal,16,15,0.9375,16,1.0,1,0,15,0,1,16,15,1,1
prior_target_to_current_target,literal:fired_priority_edges,counterfactual_complete,fact_removal,16,14,0.875,11,0.6875,0,3,11,2,-3,16,13,3,3
prior_target_to_current_target,literal:fired_priority_edges,current_complete,edge_reversal,16,13,0.8125,12,0.75,1,2,11,2,-1,16,13,2,2
prior_target_to_current_target,literal:fired_priority_edges,current_complete,fact_removal,16,10,0.625,13,0.8125,3,0,10,3,3,16,13,3,3
prior_target_to_current_target,literal:fired_priority_edges,dependency_contradictory,edge_reversal,16,15,0.9375,14,0.875,1,2,13,0,-1,16,13,2,2
prior_target_to_current_target,literal:fired_priority_edges,dependency_contradictory,fact_removal,16,13,0.8125,12,0.75,2,3,10,1,-1,16,11,3,3
prior_target_to_current_target,literal:fired_priority_edges,dependency_omitted,edge_reversal,16,15,0.9375,15,0.9375,1,1,14,0,0,16,14,2,2
prior_target_to_current_target,literal:fired_priority_edges,dependency_omitted,fact_removal,16,11,0.6875,13,0.8125,2,0,11,3,2,16,13,2,2
prior_target_to_current_target,literal:fired_rules,counterfactual_complete,edge_reversal,16,15,0.9375,13,0.8125,0,2,13,1,-2,16,14,2,2
prior_target_to_current_target,literal:fired_rules,counterfactual_complete,fact_removal,16,16,1.0,15,0.9375,0,1,15,0,-1,16,15,1,1
prior_target_to_current_target,literal:fired_rules,current_complete,edge_reversal,16,16,1.0,14,0.875,0,2,14,0,-2,16,14,2,2
prior_target_to_current_target,literal:fired_rules,current_complete,fact_removal,16,16,1.0,16,1.0,0,0,16,0,0,16,16,0,0
prior_target_to_current_target,literal:fired_rules,dependency_contradictory,edge_reversal,16,12,0.75,14,0.875,2,0,12,2,2,16,14,2,2
prior_target_to_current_target,literal:fired_rules,dependency_contradictory,fact_removal,16,14,0.875,16,1.0,2,0,14,0,2,16,14,1,1
prior_target_to_current_target,literal:fired_rules,dependency_omitted,edge_reversal,16,15,0.9375,14,0.875,1,2,13,0,-1,16,13,2,2
prior_target_to_current_target,literal:fired_rules,dependency_omitted,fact_removal,16,15,0.9375,14,0.875,1,2,13,0,-1,16,13,2,2
prior_target_to_current_target,literal:rule_definitions,counterfactual_complete,edge_reversal,16,16,1.0,16,1.0,0,0,16,0,0,16,7,0,0
prior_target_to_current_target,literal:rule_definitions,counterfactual_complete,fact_removal,16,16,1.0,16,1.0,0,0,16,0,0,16,11,0,0
prior_target_to_current_target,literal:rule_definitions,current_complete,edge_reversal,16,16,1.0,16,1.0,0,0,16,0,0,16,16,0,0
prior_target_to_current_target,literal:rule_definitions,current_complete,fact_removal,16,16,1.0,16,1.0,0,0,16,0,0,16,16,0,0
prior_target_to_current_target,literal:rule_definitions,dependency_contradictory,edge_reversal,16,1,0.0625,0,0.0,0,1,0,15,-1,16,10,1,1
prior_target_to_current_target,literal:rule_definitions,dependency_contradictory,fact_removal,16,2,0.125,1,0.0625,1,2,0,13,-1,16,6,2,2
prior_target_to_current_target,literal:rule_definitions,dependency_omitted,edge_reversal,16,16,1.0,16,1.0,0,0,16,0,0,16,7,0,0
prior_target_to_current_target,literal:rule_definitions,dependency_omitted,fact_removal,16,16,1.0,16,1.0,0,0,16,0,0,16,8,0,0
prior_target_to_current_target,literal:suppressed_rules,counterfactual_complete,edge_reversal,16,16,1.0,16,1.0,0,0,16,0,0,16,16,0,0
prior_target_to_current_target,literal:suppressed_rules,counterfactual_complete,fact_removal,16,14,0.875,14,0.875,1,1,13,1,0,16,14,2,2
prior_target_to_current_target,literal:suppressed_rules,current_complete,edge_reversal,16,16,1.0,16,1.0,0,0,16,0,0,16,16,0,0
prior_target_to_current_target,literal:suppressed_rules,current_complete,fact_removal,16,15,0.9375,15,0.9375,1,1,14,0,0,16,14,2,2
prior_target_to_current_target,literal:suppressed_rules,dependency_contradictory,edge_reversal,16,16,1.0,16,1.0,0,0,16,0,0,16,16,0,0
prior_target_to_current_target,literal:suppressed_rules,dependency_contradictory,fact_removal,16,16,1.0,16,1.0,0,0,16,0,0,16,16,0,0
prior_target_to_current_target,literal:suppressed_rules,dependency_omitted,edge_reversal,16,15,0.9375,15,0.9375,1,1,14,0,0,16,14,2,2
prior_target_to_current_target,literal:suppressed_rules,dependency_omitted,fact_removal,16,15,0.9375,14,0.875,0,1,14,1,-1,16,15,1,1
prior_uncued_to_current_length_matched_null,compute:direct_source,counterfactual_complete,edge_reversal,16,11,0.6875,12,0.75,1,0,11,4,1,0,14,1,1
prior_uncued_to_current_length_matched_null,compute:direct_source,counterfactual_complete,fact_removal,16,9,0.5625,10,0.625,1,0,9,6,1,0,15,1,1
prior_uncued_to_current_length_matched_null,compute:direct_source,current_complete,edge_reversal,16,16,1.0,15,0.9375,0,1,15,0,-1,0,15,1,1
prior_uncued_to_current_length_matched_null,compute:direct_source,current_complete,fact_removal,16,16,1.0,16,1.0,0,0,16,0,0,0,16,0,0
prior_uncued_to_current_length_matched_null,compute:direct_source,dependency_contradictory,edge_reversal,16,15,0.9375,11,0.6875,0,4,11,1,-4,0,11,2,2
prior_uncued_to_current_length_matched_null,compute:direct_source,dependency_contradictory,fact_removal,16,10,0.625,11,0.6875,2,1,9,4,1,0,13,3,3
prior_uncued_to_current_length_matched_null,compute:direct_source,dependency_omitted,edge_reversal,16,16,1.0,14,0.875,0,2,14,0,-2,0,14,2,2
prior_uncued_to_current_length_matched_null,compute:direct_source,dependency_omitted,fact_removal,16,7,0.4375,7,0.4375,0,0,7,9,0,0,15,0,0
prior_uncued_to_current_length_matched_null,compute:model_literal,counterfactual_complete,edge_reversal,16,12,0.75,12,0.75,0,0,12,4,0,0,16,0,0
prior_uncued_to_current_length_matched_null,compute:model_literal,counterfactual_complete,fact_removal,16,11,0.6875,10,0.625,0,1,10,5,-1,0,15,1,1
prior_uncued_to_current_length_matched_null,compute:model_literal,current_complete,edge_reversal,16,16,1.0,16,1.0,0,0,16,0,0,0,16,0,0
prior_uncued_to_current_length_matched_null,compute:model_literal,current_complete,fact_removal,16,16,1.0,16,1.0,0,0,16,0,0,0,16,0,0
prior_uncued_to_current_length_matched_null,compute:model_literal,dependency_contradictory,edge_reversal,16,0,0.0,3,0.1875,3,0,0,13,3,0,8,3,3
prior_uncued_to_current_length_matched_null,compute:model_literal,dependency_contradictory,fact_removal,16,3,0.1875,3,0.1875,2,2,1,11,0,0,5,4,4
prior_uncued_to_current_length_matched_null,compute:model_literal,dependency_omitted,edge_reversal,16,15,0.9375,14,0.875,0,1,14,1,-1,0,15,1,1
prior_uncued_to_current_length_matched_null,compute:model_literal,dependency_omitted,fact_removal,16,4,0.25,5,0.3125,2,1,3,10,1,0,9,2,2
prior_uncued_to_current_length_matched_null,compute:oracle_literal,counterfactual_complete,edge_reversal,16,12,0.75,12,0.75,0,0,12,4,0,0,15,0,0
prior_uncued_to_current_length_matched_null,compute:oracle_literal,counterfactual_complete,fact_removal,16,11,0.6875,10,0.625,0,1,10,5,-1,0,15,1,1
prior_uncued_to_current_length_matched_null,compute:oracle_literal,current_complete,edge_reversal,16,16,1.0,16,1.0,0,0,16,0,0,0,16,0,0
prior_uncued_to_current_length_matched_null,compute:oracle_literal,current_complete,fact_removal,16,16,1.0,16,1.0,0,0,16,0,0,0,16,0,0
prior_uncued_to_current_length_matched_null,compute:oracle_literal,dependency_contradictory,edge_reversal,16,10,0.625,14,0.875,6,2,8,0,4,0,8,6,6
prior_uncued_to_current_length_matched_null,compute:oracle_literal,dependency_contradictory,fact_removal,16,11,0.6875,10,0.625,2,3,8,3,-1,0,10,4,4
prior_uncued_to_current_length_matched_null,compute:oracle_literal,dependency_omitted,edge_reversal,16,14,0.875,14,0.875,2,2,12,0,0,0,12,3,3
prior_uncued_to_current_length_matched_null,compute:oracle_literal,dependency_omitted,fact_removal,16,7,0.4375,6,0.375,0,1,6,9,-1,0,13,1,1
prior_uncued_to_current_length_matched_null,literal:active_conclusions,counterfactual_complete,edge_reversal,16,13,0.8125,14,0.875,2,1,12,1,1,0,13,2,2
prior_uncued_to_current_length_matched_null,literal:active_conclusions,counterfactual_complete,fact_removal,16,15,0.9375,16,1.0,1,0,15,0,1,0,15,1,1
prior_uncued_to_current_length_matched_null,literal:active_conclusions,current_complete,edge_reversal,16,12,0.75,10,0.625,2,4,8,2,-2,0,10,3,3
prior_uncued_to_current_length_matched_null,literal:active_conclusions,current_complete,fact_removal,16,12,0.75,14,0.875,2,0,12,2,2,0,14,2,2
prior_uncued_to_current_length_matched_null,literal:active_conclusions,dependency_contradictory,edge_reversal,16,11,0.6875,13,0.8125,2,0,11,3,2,0,13,1,1
prior_uncued_to_current_length_matched_null,literal:active_conclusions,dependency_contradictory,fact_removal,16,13,0.8125,16,1.0,3,0,13,0,3,0,12,2,2
prior_uncued_to_current_length_matched_null,literal:active_conclusions,dependency_omitted,edge_reversal,16,15,0.9375,15,0.9375,1,1,14,0,0,0,14,2,2
prior_uncued_to_current_length_matched_null,literal:active_conclusions,dependency_omitted,fact_removal,16,12,0.75,16,1.0,4,0,12,0,4,0,12,2,2
prior_uncued_to_current_length_matched_null,literal:active_rules,counterfactual_complete,edge_reversal,16,16,1.0,13,0.8125,0,3,13,0,-3,0,13,3,3
prior_uncued_to_current_length_matched_null,literal:active_rules,counterfactual_complete,fact_removal,16,15,0.9375,8,0.5,1,8,7,0,-7,0,7,6,6
prior_uncued_to_current_length_matched_null,literal:active_rules,current_complete,edge_reversal,16,14,0.875,12,0.75,1,3,11,1,-2,0,12,3,3
prior_uncued_to_current_length_matched_null,literal:active_rules,current_complete,fact_removal,16,15,0.9375,6,0.375,0,9,6,1,-9,0,7,6,6
prior_uncued_to_current_length_matched_null,literal:active_rules,dependency_contradictory,edge_reversal,16,15,0.9375,14,0.875,1,2,13,0,-1,0,13,3,3
prior_uncued_to_current_length_matched_null,literal:active_rules,dependency_contradictory,fact_removal,16,15,0.9375,7,0.4375,1,9,6,0,-8,0,6,6,6
prior_uncued_to_current_length_matched_null,literal:active_rules,dependency_omitted,edge_reversal,16,16,1.0,13,0.8125,0,3,13,0,-3,0,13,3,3
prior_uncued_to_current_length_matched_null,literal:active_rules,dependency_omitted,fact_removal,16,15,0.9375,9,0.5625,1,7,8,0,-6,0,8,5,5
prior_uncued_to_current_length_matched_null,literal:current_answer,counterfactual_complete,edge_reversal,16,16,1.0,16,1.0,0,0,16,0,0,0,16,0,0
prior_uncued_to_current_length_matched_null,literal:current_answer,counterfactual_complete,fact_removal,16,16,1.0,16,1.0,0,0,16,0,0,0,14,0,0
prior_uncued_to_current_length_matched_null,literal:current_answer,current_complete,edge_reversal,16,16,1.0,16,1.0,0,0,16,0,0,0,16,0,0
prior_uncued_to_current_length_matched_null,literal:current_answer,current_complete,fact_removal,16,16,1.0,16,1.0,0,0,16,0,0,0,15,0,0
prior_uncued_to_current_length_matched_null,literal:current_answer,dependency_contradictory,edge_reversal,16,16,1.0,16,1.0,0,0,16,0,0,0,16,0,0
prior_uncued_to_current_length_matched_null,literal:current_answer,dependency_contradictory,fact_removal,16,16,1.0,16,1.0,0,0,16,0,0,0,16,0,0
prior_uncued_to_current_length_matched_null,literal:current_answer,dependency_omitted,edge_reversal,16,16,1.0,16,1.0,0,0,16,0,0,0,14,0,0
prior_uncued_to_current_length_matched_null,literal:current_answer,dependency_omitted,fact_removal,16,16,1.0,16,1.0,0,0,16,0,0,0,16,0,0
prior_uncued_to_current_length_matched_null,literal:facts,counterfactual_complete,edge_reversal,16,6,0.375,2,0.125,0,4,2,10,-4,0,11,3,3
prior_uncued_to_current_length_matched_null,literal:facts,counterfactual_complete,fact_removal,16,5,0.3125,3,0.1875,1,3,2,10,-2,0,11,3,3
prior_uncued_to_current_length_matched_null,literal:facts,current_complete,edge_reversal,16,0,0.0,1,0.0625,1,0,0,15,1,0,14,1,1
prior_uncued_to_current_length_matched_null,literal:facts,current_complete,fact_removal,16,4,0.25,3,0.1875,1,2,2,11,-1,0,13,3,3
prior_uncued_to_current_length_matched_null,literal:facts,dependency_contradictory,edge_reversal,16,4,0.25,4,0.25,4,4,0,8,0,0,7,6,6
prior_uncued_to_current_length_matched_null,literal:facts,dependency_contradictory,fact_removal,16,5,0.3125,3,0.1875,0,2,3,11,-2,0,13,1,1
prior_uncued_to_current_length_matched_null,literal:facts,dependency_omitted,edge_reversal,16,3,0.1875,2,0.125,1,2,1,12,-1,0,13,3,3
prior_uncued_to_current_length_matched_null,literal:facts,dependency_omitted,fact_removal,16,5,0.3125,3,0.1875,1,3,2,10,-2,0,12,3,3
prior_uncued_to_current_length_matched_null,literal:fired_priority_edges,counterfactual_complete,edge_reversal,16,13,0.8125,12,0.75,1,2,11,2,-1,0,12,2,2
prior_uncued_to_current_length_matched_null,literal:fired_priority_edges,counterfactual_complete,fact_removal,16,14,0.875,12,0.75,2,4,10,0,-2,0,10,3,3
prior_uncued_to_current_length_matched_null,literal:fired_priority_edges,current_complete,edge_reversal,16,13,0.8125,13,0.8125,1,1,12,2,0,0,14,2,2
prior_uncued_to_current_length_matched_null,literal:fired_priority_edges,current_complete,fact_removal,16,10,0.625,11,0.6875,1,0,10,5,1,0,14,1,1
prior_uncued_to_current_length_matched_null,literal:fired_priority_edges,dependency_contradictory,edge_reversal,16,15,0.9375,10,0.625,0,5,10,1,-5,0,11,3,3
prior_uncued_to_current_length_matched_null,literal:fired_priority_edges,dependency_contradictory,fact_removal,16,13,0.8125,11,0.6875,0,2,11,3,-2,0,11,1,1
prior_uncued_to_current_length_matched_null,literal:fired_priority_edges,dependency_omitted,edge_reversal,16,14,0.875,11,0.6875,1,4,10,1,-3,0,11,3,3
prior_uncued_to_current_length_matched_null,literal:fired_priority_edges,dependency_omitted,fact_removal,16,10,0.625,13,0.8125,3,0,10,3,3,0,10,3,3
prior_uncued_to_current_length_matched_null,literal:fired_rules,counterfactual_complete,edge_reversal,16,14,0.875,12,0.75,0,2,12,2,-2,0,14,2,2
prior_uncued_to_current_length_matched_null,literal:fired_rules,counterfactual_complete,fact_removal,16,15,0.9375,13,0.8125,0,2,13,1,-2,0,12,2,2
prior_uncued_to_current_length_matched_null,literal:fired_rules,current_complete,edge_reversal,16,13,0.8125,13,0.8125,1,1,12,2,0,0,13,2,2
prior_uncued_to_current_length_matched_null,literal:fired_rules,current_complete,fact_removal,16,14,0.875,11,0.6875,0,3,11,2,-3,0,11,3,3
prior_uncued_to_current_length_matched_null,literal:fired_rules,dependency_contradictory,edge_reversal,16,14,0.875,13,0.8125,2,3,11,0,-1,0,11,5,5
prior_uncued_to_current_length_matched_null,literal:fired_rules,dependency_contradictory,fact_removal,16,14,0.875,10,0.625,1,5,9,1,-4,0,9,4,4
prior_uncued_to_current_length_matched_null,literal:fired_rules,dependency_omitted,edge_reversal,16,12,0.75,12,0.75,2,2,10,2,0,0,12,4,4
prior_uncued_to_current_length_matched_null,literal:fired_rules,dependency_omitted,fact_removal,16,15,0.9375,12,0.75,0,3,12,1,-3,0,12,2,2
prior_uncued_to_current_length_matched_null,literal:rule_definitions,counterfactual_complete,edge_reversal,16,16,1.0,16,1.0,0,0,16,0,0,0,8,0,0
prior_uncued_to_current_length_matched_null,literal:rule_definitions,counterfactual_complete,fact_removal,16,16,1.0,16,1.0,0,0,16,0,0,0,4,0,0
prior_uncued_to_current_length_matched_null,literal:rule_definitions,current_complete,edge_reversal,16,16,1.0,16,1.0,0,0,16,0,0,0,16,0,0
prior_uncued_to_current_length_matched_null,literal:rule_definitions,current_complete,fact_removal,16,16,1.0,16,1.0,0,0,16,0,0,0,16,0,0
prior_uncued_to_current_length_matched_null,literal:rule_definitions,dependency_contradictory,edge_reversal,16,0,0.0,3,0.1875,3,0,0,13,3,0,7,3,3
prior_uncued_to_current_length_matched_null,literal:rule_definitions,dependency_contradictory,fact_removal,16,1,0.0625,1,0.0625,0,0,1,15,0,0,1,0,0
prior_uncued_to_current_length_matched_null,literal:rule_definitions,dependency_omitted,edge_reversal,16,16,1.0,16,1.0,0,0,16,0,0,0,8,0,0
prior_uncued_to_current_length_matched_null,literal:rule_definitions,dependency_omitted,fact_removal,16,16,1.0,16,1.0,0,0,16,0,0,0,10,0,0
prior_uncued_to_current_length_matched_null,literal:suppressed_rules,counterfactual_complete,edge_reversal,16,16,1.0,14,0.875,0,2,14,0,-2,0,14,2,2
prior_uncued_to_current_length_matched_null,literal:suppressed_rules,counterfactual_complete,fact_removal,16,15,0.9375,13,0.8125,1,3,12,0,-2,0,12,3,3
prior_uncued_to_current_length_matched_null,literal:suppressed_rules,current_complete,edge_reversal,16,15,0.9375,14,0.875,0,1,14,1,-1,0,15,1,1
prior_uncued_to_current_length_matched_null,literal:suppressed_rules,current_complete,fact_removal,16,16,1.0,16,1.0,0,0,16,0,0,0,15,0,0
prior_uncued_to_current_length_matched_null,literal:suppressed_rules,dependency_contradictory,edge_reversal,16,15,0.9375,15,0.9375,1,1,14,0,0,0,14,2,2
prior_uncued_to_current_length_matched_null,literal:suppressed_rules,dependency_contradictory,fact_removal,16,14,0.875,14,0.875,2,2,12,0,0,0,12,4,4
prior_uncued_to_current_length_matched_null,literal:suppressed_rules,dependency_omitted,edge_reversal,16,16,1.0,16,1.0,0,0,16,0,0,0,16,0,0
prior_uncued_to_current_length_matched_null,literal:suppressed_rules,dependency_omitted,fact_removal,16,14,0.875,14,0.875,2,2,12,0,0,0,11,2,2
