comparison_id,target,n_pairs,before_correct,before_accuracy,after_correct,after_accuracy,improved,regressed,both_correct,both_wrong,net_correct_delta,prompt_identical,raw_response_identical,changed_cases,changed_worlds
prior_target_to_current_target,compute:direct_source,128,107,0.835938,105,0.820312,6,8,99,15,-2,128,114,13,10
prior_target_to_current_target,compute:model_literal,128,89,0.695312,84,0.65625,9,14,75,30,-5,85,97,17,13
prior_target_to_current_target,compute:oracle_literal,128,109,0.851562,113,0.882812,10,6,103,9,4,128,111,13,9
prior_target_to_current_target,literal:active_conclusions,128,123,0.960938,127,0.992188,5,1,122,0,4,128,122,5,3
prior_target_to_current_target,literal:active_rules,128,111,0.867188,108,0.84375,9,12,99,8,-3,128,107,18,9
prior_target_to_current_target,literal:current_answer,128,128,1.0,128,1.0,0,0,128,0,0,128,118,0,0
prior_target_to_current_target,literal:facts,128,29,0.226562,27,0.210938,13,15,14,86,-2,128,97,26,14
prior_target_to_current_target,literal:fired_priority_edges,128,106,0.828125,106,0.828125,11,11,95,11,0,128,105,18,7
prior_target_to_current_target,literal:fired_rules,128,119,0.929688,116,0.90625,6,9,110,3,-3,128,113,12,8
prior_target_to_current_target,literal:rule_definitions,128,99,0.773438,97,0.757812,1,3,96,28,-2,128,81,3,3
prior_target_to_current_target,literal:suppressed_rules,128,123,0.960938,122,0.953125,3,4,119,2,-1,128,121,7,6
prior_uncued_to_current_length_matched_null,compute:direct_source,128,100,0.78125,96,0.75,4,8,92,24,-4,0,113,10,8
prior_uncued_to_current_length_matched_null,compute:model_literal,128,77,0.601562,79,0.617188,7,5,72,44,2,0,100,11,9
prior_uncued_to_current_length_matched_null,compute:oracle_literal,128,97,0.757812,98,0.765625,10,9,88,21,1,0,105,15,12
prior_uncued_to_current_length_matched_null,literal:active_conclusions,128,103,0.804688,114,0.890625,17,6,97,8,11,0,103,15,8
prior_uncued_to_current_length_matched_null,literal:active_rules,128,121,0.945312,82,0.640625,5,44,77,2,-39,0,79,35,12
prior_uncued_to_current_length_matched_null,literal:current_answer,128,128,1.0,128,1.0,0,0,128,0,0,0,123,0,0
prior_uncued_to_current_length_matched_null,literal:facts,128,32,0.25,21,0.164062,9,20,12,87,-11,0,94,23,13
prior_uncued_to_current_length_matched_null,literal:fired_priority_edges,128,102,0.796875,93,0.726562,9,18,84,17,-9,0,93,18,6
prior_uncued_to_current_length_matched_null,literal:fired_rules,128,111,0.867188,96,0.75,6,21,90,11,-15,0,94,24,14
prior_uncued_to_current_length_matched_null,literal:rule_definitions,128,97,0.757812,100,0.78125,3,0,97,28,3,0,70,3,3
prior_uncued_to_current_length_matched_null,literal:suppressed_rules,128,121,0.945312,116,0.90625,6,11,110,1,-5,0,109,14,7
