provider,artifact_id,variant,carrier,carrier_payload,world_answer,answer,schema_valid,answer_correct,world_state_recovered
mock_endpoint_only,85d9300c66c8433fb456ee80,coded,rule_order,conflict,conflict,conflict,True,True,False
mock_endpoint_only,d13e601910e867366faa788c,coded,extra_space,no,no,no,True,True,False
mock_semantic,dfbb89a8cf24b1b67d463655,canonical,,,yes,yes,True,True,True
mock_constant,08a8b1f3bafb65757fa82468,facts_missing,,,no,yes,True,False,False
mock_semantic,171dd739d3b38874962ec8b8,coded,rule_order,yes,no,no,True,True,True
mock_semantic,0c45de9bcb41d6d2ebfa3125,coded,rule_order,no,yes,yes,True,True,True
mock_semantic,05379a2f227aba237b289c7b,coded,rule_order,yes,yes,yes,True,True,True
mock_carrier,bbc9f21a398c6b5e1cf1bacc,coded,extra_space,conflict,no,conflict,True,False,True
mock_constant,65e796ddda6eaadfa79070f3,coded,extra_space,no,conflict,yes,True,False,False
mock_constant,7935988f8aa03f2a158b56d7,coded,extra_space,no,conflict,yes,True,False,False
mock_endpoint_only,94cb1fd5c339e31a580702f7,coded,rule_order,yes,no,no,True,True,False
mock_constant,98078e9de5d5b3cb23ef8643,coded,extra_space,no,conflict,yes,True,False,False
mock_carrier,171dd739d3b38874962ec8b8,coded,rule_order,yes,no,yes,True,False,True
mock_semantic,b10690825632d886b7712760,facts_missing,,,yes,underdetermined,True,True,False
mock_endpoint_only,bbc9f21a398c6b5e1cf1bacc,coded,extra_space,conflict,no,no,True,True,False
mock_endpoint_only,e1479f022c69548ae3ec4619,coded,extra_space,conflict,conflict,conflict,True,True,False
mock_semantic,0e222e56f831ba16e9ee51a2,facts_missing,,,conflict,underdetermined,True,True,False
mock_carrier,1d5e5e425bb33abdd7e2690d,answer_only,,,conflict,conflict,True,True,False
mock_carrier,0113a4662b5d8dca6f4337d2,coded,extra_space,no,yes,no,True,False,True
mock_constant,726c7f6e93dbecfa0f9a1f0a,coded,extra_space,conflict,no,yes,True,False,False
mock_carrier,31d16a735d07b428af948e3e,answer_only,,,yes,yes,True,True,False
mock_semantic,2074c9cce8705585023bd5ea,coded,extra_space,yes,yes,yes,True,True,True
mock_semantic,bc7fe97a61c64b9fc3ddcc07,coded,rule_order,yes,no,no,True,True,True
mock_constant,0c45de9bcb41d6d2ebfa3125,coded,rule_order,no,yes,yes,True,True,False
mock_semantic,7159e388218d51604b4d3151,coded,extra_space,conflict,yes,yes,True,True,True
mock_constant,f554cdfb1e9db76ca0ec251f,facts_missing,,,yes,yes,True,False,False
mock_carrier,762931487228166ae3572a54,coded,extra_space,conflict,no,conflict,True,False,True
mock_endpoint_only,eaccf4648908ce58e3c9600f,coded,rule_order,conflict,yes,yes,True,True,False
mock_semantic,f717ae404e4e138069e56ab8,coded,extra_space,conflict,conflict,conflict,True,True,True
mock_carrier,56803b41c16d27a8f0af2e57,canonical,,,conflict,conflict,True,True,True
mock_constant,3ce8c2fab13d2fb7c72ad698,coded,extra_space,no,no,yes,True,False,False
mock_semantic,6a640f839047f18e785d58c6,coded,extra_space,conflict,no,no,True,True,True
mock_semantic,df8e8aa13e3a74c977ca352d,coded,rule_order,no,yes,yes,True,True,True
mock_constant,d13e601910e867366faa788c,coded,extra_space,no,no,yes,True,False,False
mock_endpoint_only,4a46b6a46c387664f1050288,coded,rule_order,no,yes,yes,True,True,False
mock_constant,2dff68727ac7cc6e28977e52,coded,extra_space,yes,yes,yes,True,True,False
mock_endpoint_only,7fa73b71af12a6ae782c451c,canonical,,,conflict,conflict,True,True,False
mock_constant,762931487228166ae3572a54,coded,extra_space,conflict,no,yes,True,False,False
mock_carrier,adf3ef8e252df08344f5d299,canonical,,,yes,yes,True,True,True
mock_constant,702b26fa03d9d62b502bfe97,facts_missing,,,no,yes,True,False,False
mock_semantic,adf3ef8e252df08344f5d299,canonical,,,yes,yes,True,True,True
mock_endpoint_only,c477f4e24ba7039a13400fa1,coded,rule_order,conflict,no,no,True,True,False
mock_carrier,9ad83b08ca8eece416f7470d,facts_missing,,,conflict,underdetermined,True,True,False
mock_endpoint_only,ff585b4c45e7cfdd467b3d01,coded,rule_order,no,conflict,conflict,True,True,False
mock_semantic,875ded46a3b49dc309384a64,answer_only,,,yes,yes,True,True,False
mock_endpoint_only,b978f8a99ecda4ad01b0bfd5,coded,rule_order,no,conflict,conflict,True,True,False
mock_endpoint_only,7879c5cdc0dc3a814594fbcd,coded,extra_space,no,no,no,True,True,False
mock_endpoint_only,54f06d385cf58f541048fae4,coded,rule_order,yes,no,no,True,True,False
mock_endpoint_only,b10690825632d886b7712760,facts_missing,,,yes,underdetermined,True,True,False
mock_endpoint_only,e142b34c181c34ab7c8273f7,coded,rule_order,conflict,yes,yes,True,True,False
mock_carrier,847f79a2825a1ff57bbae4f5,coded,rule_order,yes,yes,yes,True,True,True
mock_constant,b10690825632d886b7712760,facts_missing,,,yes,yes,True,False,False
mock_semantic,2dff68727ac7cc6e28977e52,coded,extra_space,yes,yes,yes,True,True,True
mock_endpoint_only,3ce8c2fab13d2fb7c72ad698,coded,extra_space,no,no,no,True,True,False
mock_constant,1d5e5e425bb33abdd7e2690d,answer_only,,,conflict,yes,True,False,False
mock_carrier,d3349a0406f2cbb3516a3c4a,coded,extra_space,yes,yes,yes,True,True,True
mock_carrier,1394eeab82b6ec3395caac26,answer_only,,,conflict,conflict,True,True,False
mock_constant,ed43b17991a5c49771e89512,coded,extra_space,yes,conflict,yes,True,False,False
mock_carrier,6a640f839047f18e785d58c6,coded,extra_space,conflict,no,conflict,True,False,True
mock_constant,ee226c00151ecc593e21f772,coded,extra_space,yes,conflict,yes,True,False,False
mock_constant,dd70729df552b20303d32fef,coded,rule_order,conflict,no,yes,True,False,False
mock_constant,31d16a735d07b428af948e3e,answer_only,,,yes,yes,True,True,False
mock_endpoint_only,dd061df4a34f6da3cb6d3cbb,coded,rule_order,conflict,conflict,conflict,True,True,False
mock_endpoint_only,05379a2f227aba237b289c7b,coded,rule_order,yes,yes,yes,True,True,False
mock_semantic,b73126792f6d6ca842eac3e9,answer_only,,,no,no,True,True,False
mock_endpoint_only,62a38d3deafe9e78fccdda0d,canonical,,,conflict,conflict,True,True,False
mock_constant,f8f26d37ba7553e02e16bb33,facts_missing,,,conflict,yes,True,False,False
mock_carrier,cffbfe936c588ff5be9110c7,coded,rule_order,conflict,yes,conflict,True,False,True
mock_endpoint_only,e7d37d8839f462118ef0ce90,coded,extra_space,yes,no,no,True,True,False
mock_constant,64bf5836f915879ffc7f1739,coded,extra_space,yes,conflict,yes,True,False,False
mock_carrier,dfbb89a8cf24b1b67d463655,canonical,,,yes,yes,True,True,True
mock_carrier,54f06d385cf58f541048fae4,coded,rule_order,yes,no,yes,True,False,True
mock_constant,7879c5cdc0dc3a814594fbcd,coded,extra_space,no,no,yes,True,False,False
mock_carrier,0c45de9bcb41d6d2ebfa3125,coded,rule_order,no,yes,no,True,False,True
mock_semantic,0d719e266a2a15946b29d37b,coded,extra_space,yes,conflict,conflict,True,True,True
mock_endpoint_only,30fcdf1b15bcf43d8a10ac6b,answer_only,,,yes,yes,True,True,False
mock_carrier,27a86a9c1adefc03bb427f12,coded,extra_space,conflict,yes,conflict,True,False,True
mock_constant,d4b55c870905e05a1ac12132,canonical,,,no,yes,True,False,False
mock_endpoint_only,752da5a42a24e1608c8ebfdf,coded,rule_order,yes,yes,yes,True,True,False
mock_endpoint_only,dfbb89a8cf24b1b67d463655,canonical,,,yes,yes,True,True,False
mock_carrier,0e222e56f831ba16e9ee51a2,facts_missing,,,conflict,underdetermined,True,True,False
mock_constant,332d3a6af20a65189f4d096c,coded,rule_order,no,conflict,yes,True,False,False
mock_endpoint_only,2dff68727ac7cc6e28977e52,coded,extra_space,yes,yes,yes,True,True,False
mock_semantic,e142b34c181c34ab7c8273f7,coded,rule_order,conflict,yes,yes,True,True,True
mock_constant,adf3ef8e252df08344f5d299,canonical,,,yes,yes,True,True,False
mock_carrier,7879c5cdc0dc3a814594fbcd,coded,extra_space,no,no,no,True,True,True
mock_endpoint_only,c2c86fa436814f9ceb9db6e1,coded,rule_order,no,no,no,True,True,False
mock_semantic,f8f26d37ba7553e02e16bb33,facts_missing,,,conflict,underdetermined,True,True,False
mock_carrier,a435626c41bf4ceabfe010c9,answer_only,,,conflict,conflict,True,True,False
mock_semantic,56803b41c16d27a8f0af2e57,canonical,,,conflict,conflict,True,True,True
mock_semantic,dd061df4a34f6da3cb6d3cbb,coded,rule_order,conflict,conflict,conflict,True,True,True
mock_semantic,ff7f3d03cc637b0c198078c1,coded,rule_order,conflict,no,no,True,True,True
mock_carrier,f5460721ebffe034735216ba,coded,extra_space,no,no,no,True,True,True
mock_endpoint_only,fcd66e35c0c330ac2e539dd4,canonical,,,yes,yes,True,True,False
mock_carrier,9904ee091eb2735c7f50fab3,coded,rule_order,yes,conflict,yes,True,False,True
mock_endpoint_only,332d3a6af20a65189f4d096c,coded,rule_order,no,conflict,conflict,True,True,False
mock_endpoint_only,08a8b1f3bafb65757fa82468,facts_missing,,,no,underdetermined,True,True,False
mock_carrier,f717ae404e4e138069e56ab8,coded,extra_space,conflict,conflict,conflict,True,True,True
mock_endpoint_only,9904ee091eb2735c7f50fab3,coded,rule_order,yes,conflict,conflict,True,True,False
mock_constant,094f38011229be37459cd106,coded,rule_order,yes,yes,yes,True,True,False
mock_carrier,5aeaeb8f6b466c4d674d8a28,coded,extra_space,no,yes,no,True,False,True
mock_constant,9ad83b08ca8eece416f7470d,facts_missing,,,conflict,yes,True,False,False
mock_carrier,f8f26d37ba7553e02e16bb33,facts_missing,,,conflict,underdetermined,True,True,False
mock_semantic,65e796ddda6eaadfa79070f3,coded,extra_space,no,conflict,conflict,True,True,True
mock_constant,3ec4aff0db1d659882787c2e,coded,extra_space,no,conflict,yes,True,False,False
mock_carrier,7a6ba4554fde08b7a2c580c8,canonical,,,no,no,True,True,True
mock_semantic,159f54ec4ce69182206375ba,answer_only,,,no,no,True,True,False
mock_semantic,0568f50e515c9cc2d4affb8b,facts_missing,,,no,underdetermined,True,True,False
mock_carrier,dd061df4a34f6da3cb6d3cbb,coded,rule_order,conflict,conflict,conflict,True,True,True
mock_carrier,ff585b4c45e7cfdd467b3d01,coded,rule_order,no,conflict,no,True,False,True
mock_endpoint_only,b73126792f6d6ca842eac3e9,answer_only,,,no,no,True,True,False
mock_carrier,eaccf4648908ce58e3c9600f,coded,rule_order,conflict,yes,conflict,True,False,True
mock_constant,875ded46a3b49dc309384a64,answer_only,,,yes,yes,True,True,False
mock_constant,f5460721ebffe034735216ba,coded,extra_space,no,no,yes,True,False,False
mock_endpoint_only,4681f059e25eb993b0b60eef,coded,rule_order,no,yes,yes,True,True,False
mock_semantic,6913e82345725c68115ae73c,coded,extra_space,no,yes,yes,True,True,True
mock_constant,b04c811b8f477d0f8a23ccfd,coded,rule_order,no,no,yes,True,False,False
mock_constant,c36acf79baeac2c211110ee9,coded,rule_order,no,no,yes,True,False,False
mock_semantic,c36acf79baeac2c211110ee9,coded,rule_order,no,no,no,True,True,True
mock_carrier,4681f059e25eb993b0b60eef,coded,rule_order,no,yes,no,True,False,True
mock_semantic,98078e9de5d5b3cb23ef8643,coded,extra_space,no,conflict,conflict,True,True,True
mock_endpoint_only,f8f26d37ba7553e02e16bb33,facts_missing,,,conflict,underdetermined,True,True,False
mock_semantic,094f38011229be37459cd106,coded,rule_order,yes,yes,yes,True,True,True
mock_endpoint_only,d4b55c870905e05a1ac12132,canonical,,,no,no,True,True,False
mock_constant,8180708455aa9e5875a061b1,coded,extra_space,yes,no,yes,True,False,False
mock_constant,4f44cddda424ecd945c074c5,coded,rule_order,yes,conflict,yes,True,False,False
mock_constant,c477f4e24ba7039a13400fa1,coded,rule_order,conflict,no,yes,True,False,False
mock_carrier,d15276bd9af470515c2dc464,coded,rule_order,yes,conflict,yes,True,False,True
mock_semantic,9ad83b08ca8eece416f7470d,facts_missing,,,conflict,underdetermined,True,True,False
mock_endpoint_only,875ded46a3b49dc309384a64,answer_only,,,yes,yes,True,True,False
mock_constant,6a640f839047f18e785d58c6,coded,extra_space,conflict,no,yes,True,False,False
mock_constant,bc7fe97a61c64b9fc3ddcc07,coded,rule_order,yes,no,yes,True,False,False
mock_semantic,1394eeab82b6ec3395caac26,answer_only,,,conflict,conflict,True,True,False
mock_semantic,c99d1e6716229254fd396907,answer_only,,,conflict,conflict,True,True,False
mock_constant,d3349a0406f2cbb3516a3c4a,coded,extra_space,yes,yes,yes,True,True,False
mock_semantic,94cb1fd5c339e31a580702f7,coded,rule_order,yes,no,no,True,True,True
mock_carrier,ff7f3d03cc637b0c198078c1,coded,rule_order,conflict,no,conflict,True,False,True
mock_endpoint_only,d15276bd9af470515c2dc464,coded,rule_order,yes,conflict,conflict,True,True,False
mock_endpoint_only,4135261cdac8e4252253c72e,coded,extra_space,conflict,conflict,conflict,True,True,False
mock_constant,4681f059e25eb993b0b60eef,coded,rule_order,no,yes,yes,True,True,False
mock_constant,ff585b4c45e7cfdd467b3d01,coded,rule_order,no,conflict,yes,True,False,False
mock_endpoint_only,ff7f3d03cc637b0c198078c1,coded,rule_order,conflict,no,no,True,True,False
mock_carrier,16b4ff5441686cb974ae0e64,facts_missing,,,conflict,underdetermined,True,True,False
mock_carrier,0568f50e515c9cc2d4affb8b,facts_missing,,,no,underdetermined,True,True,False
mock_semantic,8565679f5bee333289b162f5,canonical,,,no,no,True,True,True
mock_endpoint_only,56803b41c16d27a8f0af2e57,canonical,,,conflict,conflict,True,True,False
mock_endpoint_only,ec37f6383fb43f724430dda2,coded,rule_order,conflict,no,no,True,True,False
mock_endpoint_only,1036d8a39dd976c26957f6bc,coded,rule_order,conflict,yes,yes,True,True,False
mock_constant,6913e82345725c68115ae73c,coded,extra_space,no,yes,yes,True,True,False
mock_carrier,4135261cdac8e4252253c72e,coded,extra_space,conflict,conflict,conflict,True,True,True
mock_semantic,1036d8a39dd976c26957f6bc,coded,rule_order,conflict,yes,yes,True,True,True
mock_carrier,6913e82345725c68115ae73c,coded,extra_space,no,yes,no,True,False,True
mock_carrier,c3d6687cfcce319224b1d22e,coded,extra_space,yes,no,yes,True,False,True
mock_endpoint_only,f717ae404e4e138069e56ab8,coded,extra_space,conflict,conflict,conflict,True,True,False
mock_endpoint_only,83df0afe135bd96f96f4916d,coded,extra_space,conflict,yes,yes,True,True,False
mock_constant,83df0afe135bd96f96f4916d,coded,extra_space,conflict,yes,yes,True,True,False
mock_endpoint_only,0ddc9da4dfc8cef2681ba024,answer_only,,,yes,yes,True,True,False
mock_constant,4885eb270901981b84bf84ea,facts_missing,,,yes,yes,True,False,False
mock_carrier,3ec4aff0db1d659882787c2e,coded,extra_space,no,conflict,no,True,False,True
mock_constant,1ca531cfed042fa7dceefc86,canonical,,,no,yes,True,False,False
mock_carrier,b5260eca334e033f2cd69dd3,canonical,,,yes,yes,True,True,True
mock_carrier,f554cdfb1e9db76ca0ec251f,facts_missing,,,yes,underdetermined,True,True,False
mock_constant,62a38d3deafe9e78fccdda0d,canonical,,,conflict,yes,True,False,False
mock_constant,0d719e266a2a15946b29d37b,coded,extra_space,yes,conflict,yes,True,False,False
mock_carrier,752da5a42a24e1608c8ebfdf,coded,rule_order,yes,yes,yes,True,True,True
mock_semantic,4885eb270901981b84bf84ea,facts_missing,,,yes,underdetermined,True,True,False
mock_constant,85d9300c66c8433fb456ee80,coded,rule_order,conflict,conflict,yes,True,False,False
mock_carrier,4f44cddda424ecd945c074c5,coded,rule_order,yes,conflict,yes,True,False,True
mock_carrier,b10690825632d886b7712760,facts_missing,,,yes,underdetermined,True,True,False
mock_endpoint_only,5aeaeb8f6b466c4d674d8a28,coded,extra_space,no,yes,yes,True,True,False
mock_semantic,702b26fa03d9d62b502bfe97,facts_missing,,,no,underdetermined,True,True,False
mock_endpoint_only,b7456db7ede07b427a8bcbf3,coded,rule_order,no,no,no,True,True,False
mock_carrier,4558ffe12913cbd9624ceec0,answer_only,,,no,no,True,True,False
mock_constant,5aeaeb8f6b466c4d674d8a28,coded,extra_space,no,yes,yes,True,True,False
mock_endpoint_only,64bf5836f915879ffc7f1739,coded,extra_space,yes,conflict,conflict,True,True,False
mock_constant,0ddc9da4dfc8cef2681ba024,answer_only,,,yes,yes,True,True,False
mock_carrier,e7d37d8839f462118ef0ce90,coded,extra_space,yes,no,yes,True,False,True
mock_carrier,1ca531cfed042fa7dceefc86,canonical,,,no,no,True,True,True
mock_constant,27a86a9c1adefc03bb427f12,coded,extra_space,conflict,yes,yes,True,True,False
mock_endpoint_only,0113a4662b5d8dca6f4337d2,coded,extra_space,no,yes,yes,True,True,False
mock_semantic,31d16a735d07b428af948e3e,answer_only,,,yes,yes,True,True,False
mock_semantic,d3349a0406f2cbb3516a3c4a,coded,extra_space,yes,yes,yes,True,True,True
mock_semantic,762931487228166ae3572a54,coded,extra_space,conflict,no,no,True,True,True
mock_semantic,1ca531cfed042fa7dceefc86,canonical,,,no,no,True,True,True
mock_carrier,b04c811b8f477d0f8a23ccfd,coded,rule_order,no,no,no,True,True,True
mock_semantic,847f79a2825a1ff57bbae4f5,coded,rule_order,yes,yes,yes,True,True,True
mock_constant,f10f73b3fa46352cb9746f61,canonical,,,conflict,yes,True,False,False
mock_carrier,27704990932fd2eb3eec29fe,coded,rule_order,yes,conflict,yes,True,False,True
mock_constant,df8e8aa13e3a74c977ca352d,coded,rule_order,no,yes,yes,True,True,False
mock_constant,fcd66e35c0c330ac2e539dd4,canonical,,,yes,yes,True,True,False
mock_semantic,7879c5cdc0dc3a814594fbcd,coded,extra_space,no,no,no,True,True,True
mock_constant,9904ee091eb2735c7f50fab3,coded,rule_order,yes,conflict,yes,True,False,False
mock_constant,8565679f5bee333289b162f5,canonical,,,no,yes,True,False,False
mock_carrier,30fcdf1b15bcf43d8a10ac6b,answer_only,,,yes,yes,True,True,False
mock_constant,c99d1e6716229254fd396907,answer_only,,,conflict,yes,True,False,False
mock_constant,a90577cb42280073d10f9739,coded,extra_space,yes,yes,yes,True,True,False
mock_endpoint_only,2074c9cce8705585023bd5ea,coded,extra_space,yes,yes,yes,True,True,False
mock_semantic,c477f4e24ba7039a13400fa1,coded,rule_order,conflict,no,no,True,True,True
mock_constant,30fcdf1b15bcf43d8a10ac6b,answer_only,,,yes,yes,True,True,False
mock_constant,a435626c41bf4ceabfe010c9,answer_only,,,conflict,yes,True,False,False
mock_semantic,4135261cdac8e4252253c72e,coded,extra_space,conflict,conflict,conflict,True,True,True
mock_carrier,83df0afe135bd96f96f4916d,coded,extra_space,conflict,yes,conflict,True,False,True
mock_carrier,a90577cb42280073d10f9739,coded,extra_space,yes,yes,yes,True,True,True
mock_endpoint_only,0d719e266a2a15946b29d37b,coded,extra_space,yes,conflict,conflict,True,True,False
mock_carrier,85d9300c66c8433fb456ee80,coded,rule_order,conflict,conflict,conflict,True,True,True
mock_endpoint_only,cffbfe936c588ff5be9110c7,coded,rule_order,conflict,yes,yes,True,True,False
mock_carrier,94cb1fd5c339e31a580702f7,coded,rule_order,yes,no,yes,True,False,True
mock_constant,b23b3b1f1f9030d83b88c488,facts_missing,,,no,yes,True,False,False
mock_carrier,4dddfce0729a7cb8d7ad52ed,coded,extra_space,conflict,conflict,conflict,True,True,True
mock_semantic,3ce8c2fab13d2fb7c72ad698,coded,extra_space,no,no,no,True,True,True
mock_endpoint_only,c36acf79baeac2c211110ee9,coded,rule_order,no,no,no,True,True,False
mock_carrier,c99d1e6716229254fd396907,answer_only,,,conflict,conflict,True,True,False
mock_endpoint_only,0e222e56f831ba16e9ee51a2,facts_missing,,,conflict,underdetermined,True,True,False
mock_endpoint_only,d3349a0406f2cbb3516a3c4a,coded,extra_space,yes,yes,yes,True,True,False
mock_carrier,b23b3b1f1f9030d83b88c488,facts_missing,,,no,underdetermined,True,True,False
mock_constant,c8ba2a27bd7012ca6e1f3d3d,coded,extra_space,no,yes,yes,True,True,False
mock_carrier,c477f4e24ba7039a13400fa1,coded,rule_order,conflict,no,conflict,True,False,True
mock_endpoint_only,b23b3b1f1f9030d83b88c488,facts_missing,,,no,underdetermined,True,True,False
mock_carrier,c2c86fa436814f9ceb9db6e1,coded,rule_order,no,no,no,True,True,True
mock_semantic,ec37f6383fb43f724430dda2,coded,rule_order,conflict,no,no,True,True,True
mock_semantic,62a38d3deafe9e78fccdda0d,canonical,,,conflict,conflict,True,True,True
mock_carrier,094f38011229be37459cd106,coded,rule_order,yes,yes,yes,True,True,True
mock_carrier,2dff68727ac7cc6e28977e52,coded,extra_space,yes,yes,yes,True,True,True
mock_semantic,d13e601910e867366faa788c,coded,extra_space,no,no,no,True,True,True
mock_endpoint_only,094f38011229be37459cd106,coded,rule_order,yes,yes,yes,True,True,False
mock_carrier,7935988f8aa03f2a158b56d7,coded,extra_space,no,conflict,no,True,False,True
mock_constant,106913c4711f5c59e540c95d,coded,extra_space,conflict,yes,yes,True,True,False
mock_constant,799f994183a9b2be6e95e6c4,coded,rule_order,conflict,conflict,yes,True,False,False
mock_constant,b978f8a99ecda4ad01b0bfd5,coded,rule_order,no,conflict,yes,True,False,False
mock_constant,847f79a2825a1ff57bbae4f5,coded,rule_order,yes,yes,yes,True,True,False
mock_endpoint_only,ee226c00151ecc593e21f772,coded,extra_space,yes,conflict,conflict,True,True,False
mock_carrier,b3c7604ec61cabe477d447cc,coded,extra_space,yes,no,yes,True,False,True
mock_carrier,875ded46a3b49dc309384a64,answer_only,,,yes,yes,True,True,False
mock_endpoint_only,762931487228166ae3572a54,coded,extra_space,conflict,no,no,True,True,False
mock_endpoint_only,847f79a2825a1ff57bbae4f5,coded,rule_order,yes,yes,yes,True,True,False
mock_semantic,d15276bd9af470515c2dc464,coded,rule_order,yes,conflict,conflict,True,True,True
mock_semantic,4f44cddda424ecd945c074c5,coded,rule_order,yes,conflict,conflict,True,True,True
mock_endpoint_only,7a6ba4554fde08b7a2c580c8,canonical,,,no,no,True,True,False
mock_constant,54f06d385cf58f541048fae4,coded,rule_order,yes,no,yes,True,False,False
mock_semantic,a435626c41bf4ceabfe010c9,answer_only,,,conflict,conflict,True,True,False
mock_semantic,8180708455aa9e5875a061b1,coded,extra_space,yes,no,no,True,True,True
mock_semantic,ee226c00151ecc593e21f772,coded,extra_space,yes,conflict,conflict,True,True,True
mock_endpoint_only,7935988f8aa03f2a158b56d7,coded,extra_space,no,conflict,conflict,True,True,False
mock_carrier,c8ba2a27bd7012ca6e1f3d3d,coded,extra_space,no,yes,no,True,False,True
mock_semantic,54f06d385cf58f541048fae4,coded,rule_order,yes,no,no,True,True,True
mock_constant,cd235505dc17f3716e4574a0,facts_missing,,,yes,yes,True,False,False
mock_semantic,27704990932fd2eb3eec29fe,coded,rule_order,yes,conflict,conflict,True,True,True
mock_endpoint_only,27704990932fd2eb3eec29fe,coded,rule_order,yes,conflict,conflict,True,True,False
mock_carrier,106913c4711f5c59e540c95d,coded,extra_space,conflict,yes,conflict,True,False,True
mock_carrier,08a8b1f3bafb65757fa82468,facts_missing,,,no,underdetermined,True,True,False
mock_carrier,05379a2f227aba237b289c7b,coded,rule_order,yes,yes,yes,True,True,True
mock_carrier,46ec8dfc7c6b526dfe2efed6,answer_only,,,no,no,True,True,False
mock_constant,b73126792f6d6ca842eac3e9,answer_only,,,no,yes,True,False,False
mock_endpoint_only,8180708455aa9e5875a061b1,coded,extra_space,yes,no,no,True,True,False
mock_semantic,0ddc9da4dfc8cef2681ba024,answer_only,,,yes,yes,True,True,False
mock_endpoint_only,4f44cddda424ecd945c074c5,coded,rule_order,yes,conflict,conflict,True,True,False
mock_constant,7a6ba4554fde08b7a2c580c8,canonical,,,no,yes,True,False,False
mock_constant,2074c9cce8705585023bd5ea,coded,extra_space,yes,yes,yes,True,True,False
mock_carrier,f10f73b3fa46352cb9746f61,canonical,,,conflict,conflict,True,True,True
mock_endpoint_only,adf3ef8e252df08344f5d299,canonical,,,yes,yes,True,True,False
mock_carrier,0ddc9da4dfc8cef2681ba024,answer_only,,,yes,yes,True,True,False
mock_endpoint_only,726c7f6e93dbecfa0f9a1f0a,coded,extra_space,conflict,no,no,True,True,False
mock_constant,05379a2f227aba237b289c7b,coded,rule_order,yes,yes,yes,True,True,False
mock_endpoint_only,b3c7604ec61cabe477d447cc,coded,extra_space,yes,no,no,True,True,False
mock_constant,b3c7604ec61cabe477d447cc,coded,extra_space,yes,no,yes,True,False,False
mock_carrier,726c7f6e93dbecfa0f9a1f0a,coded,extra_space,conflict,no,conflict,True,False,True
mock_endpoint_only,6913e82345725c68115ae73c,coded,extra_space,no,yes,yes,True,True,False
mock_constant,bbc9f21a398c6b5e1cf1bacc,coded,extra_space,conflict,no,yes,True,False,False
mock_semantic,9904ee091eb2735c7f50fab3,coded,rule_order,yes,conflict,conflict,True,True,True
mock_carrier,799f994183a9b2be6e95e6c4,coded,rule_order,conflict,conflict,conflict,True,True,True
mock_constant,27704990932fd2eb3eec29fe,coded,rule_order,yes,conflict,yes,True,False,False
mock_semantic,b5260eca334e033f2cd69dd3,canonical,,,yes,yes,True,True,True
mock_semantic,4dddfce0729a7cb8d7ad52ed,coded,extra_space,conflict,conflict,conflict,True,True,True
mock_constant,ff7f3d03cc637b0c198078c1,coded,rule_order,conflict,no,yes,True,False,False
mock_semantic,16b4ff5441686cb974ae0e64,facts_missing,,,conflict,underdetermined,True,True,False
mock_semantic,b23b3b1f1f9030d83b88c488,facts_missing,,,no,underdetermined,True,True,False
mock_semantic,ed43b17991a5c49771e89512,coded,extra_space,yes,conflict,conflict,True,True,True
mock_endpoint_only,98078e9de5d5b3cb23ef8643,coded,extra_space,no,conflict,conflict,True,True,False
mock_endpoint_only,f10f73b3fa46352cb9746f61,canonical,,,conflict,conflict,True,True,False
mock_carrier,74e531a494a9562ec3397d50,coded,rule_order,no,conflict,no,True,False,True
mock_constant,dd061df4a34f6da3cb6d3cbb,coded,rule_order,conflict,conflict,yes,True,False,False
mock_semantic,f10f73b3fa46352cb9746f61,canonical,,,conflict,conflict,True,True,True
mock_semantic,c3d6687cfcce319224b1d22e,coded,extra_space,yes,no,no,True,True,True
mock_endpoint_only,c3d6687cfcce319224b1d22e,coded,extra_space,yes,no,no,True,True,False
mock_endpoint_only,7159e388218d51604b4d3151,coded,extra_space,conflict,yes,yes,True,True,False
mock_constant,dfbb89a8cf24b1b67d463655,canonical,,,yes,yes,True,True,False
mock_endpoint_only,4885eb270901981b84bf84ea,facts_missing,,,yes,underdetermined,True,True,False
mock_carrier,e142b34c181c34ab7c8273f7,coded,rule_order,conflict,yes,conflict,True,False,True
mock_carrier,b978f8a99ecda4ad01b0bfd5,coded,rule_order,no,conflict,no,True,False,True
mock_endpoint_only,74e531a494a9562ec3397d50,coded,rule_order,no,conflict,conflict,True,True,False
mock_constant,b7456db7ede07b427a8bcbf3,coded,rule_order,no,no,yes,True,False,False
mock_semantic,27a86a9c1adefc03bb427f12,coded,extra_space,conflict,yes,yes,True,True,True
mock_endpoint_only,0c45de9bcb41d6d2ebfa3125,coded,rule_order,no,yes,yes,True,True,False
mock_constant,1394eeab82b6ec3395caac26,answer_only,,,conflict,yes,True,False,False
mock_endpoint_only,27a86a9c1adefc03bb427f12,coded,extra_space,conflict,yes,yes,True,True,False
mock_semantic,b3c7604ec61cabe477d447cc,coded,extra_space,yes,no,no,True,True,True
mock_semantic,5aeaeb8f6b466c4d674d8a28,coded,extra_space,no,yes,yes,True,True,True
mock_constant,16b4ff5441686cb974ae0e64,facts_missing,,,conflict,yes,True,False,False
mock_endpoint_only,31d16a735d07b428af948e3e,answer_only,,,yes,yes,True,True,False
mock_carrier,4a46b6a46c387664f1050288,coded,rule_order,no,yes,no,True,False,True
mock_endpoint_only,702b26fa03d9d62b502bfe97,facts_missing,,,no,underdetermined,True,True,False
mock_endpoint_only,799f994183a9b2be6e95e6c4,coded,rule_order,conflict,conflict,conflict,True,True,False
mock_carrier,7159e388218d51604b4d3151,coded,extra_space,conflict,yes,conflict,True,False,True
mock_carrier,d13e601910e867366faa788c,coded,extra_space,no,no,no,True,True,True
mock_endpoint_only,3ec4aff0db1d659882787c2e,coded,extra_space,no,conflict,conflict,True,True,False
mock_semantic,a90577cb42280073d10f9739,coded,extra_space,yes,yes,yes,True,True,True
mock_semantic,3ec4aff0db1d659882787c2e,coded,extra_space,no,conflict,conflict,True,True,True
mock_carrier,dd70729df552b20303d32fef,coded,rule_order,conflict,no,conflict,True,False,True
mock_constant,4dddfce0729a7cb8d7ad52ed,coded,extra_space,conflict,conflict,yes,True,False,False
mock_carrier,1036d8a39dd976c26957f6bc,coded,rule_order,conflict,yes,conflict,True,False,True
mock_constant,d15276bd9af470515c2dc464,coded,rule_order,yes,conflict,yes,True,False,False
mock_semantic,ff585b4c45e7cfdd467b3d01,coded,rule_order,no,conflict,conflict,True,True,True
mock_endpoint_only,c99d1e6716229254fd396907,answer_only,,,conflict,conflict,True,True,False
mock_endpoint_only,bc7fe97a61c64b9fc3ddcc07,coded,rule_order,yes,no,no,True,True,False
mock_carrier,7fa73b71af12a6ae782c451c,canonical,,,conflict,conflict,True,True,True
mock_constant,4558ffe12913cbd9624ceec0,answer_only,,,no,yes,True,False,False
mock_semantic,c8ba2a27bd7012ca6e1f3d3d,coded,extra_space,no,yes,yes,True,True,True
mock_endpoint_only,bfa7dd2310736327452b8816,coded,rule_order,conflict,conflict,conflict,True,True,False
mock_endpoint_only,9ad83b08ca8eece416f7470d,facts_missing,,,conflict,underdetermined,True,True,False
mock_carrier,62a38d3deafe9e78fccdda0d,canonical,,,conflict,conflict,True,True,True
mock_semantic,f5460721ebffe034735216ba,coded,extra_space,no,no,no,True,True,True
mock_endpoint_only,106913c4711f5c59e540c95d,coded,extra_space,conflict,yes,yes,True,True,False
mock_semantic,4a46b6a46c387664f1050288,coded,rule_order,no,yes,yes,True,True,True
mock_semantic,cd235505dc17f3716e4574a0,facts_missing,,,yes,underdetermined,True,True,False
mock_endpoint_only,46ec8dfc7c6b526dfe2efed6,answer_only,,,no,no,True,True,False
mock_endpoint_only,6a640f839047f18e785d58c6,coded,extra_space,conflict,no,no,True,True,False
mock_endpoint_only,1ca531cfed042fa7dceefc86,canonical,,,no,no,True,True,False
mock_carrier,e1479f022c69548ae3ec4619,coded,extra_space,conflict,conflict,conflict,True,True,True
mock_carrier,98078e9de5d5b3cb23ef8643,coded,extra_space,no,conflict,no,True,False,True
mock_semantic,b978f8a99ecda4ad01b0bfd5,coded,rule_order,no,conflict,conflict,True,True,True
mock_constant,56803b41c16d27a8f0af2e57,canonical,,,conflict,yes,True,False,False
mock_semantic,106913c4711f5c59e540c95d,coded,extra_space,conflict,yes,yes,True,True,True
mock_carrier,64bf5836f915879ffc7f1739,coded,extra_space,yes,conflict,yes,True,False,True
mock_constant,bfa7dd2310736327452b8816,coded,rule_order,conflict,conflict,yes,True,False,False
mock_carrier,ec37f6383fb43f724430dda2,coded,rule_order,conflict,no,conflict,True,False,True
mock_semantic,726c7f6e93dbecfa0f9a1f0a,coded,extra_space,conflict,no,no,True,True,True
mock_carrier,bc7fe97a61c64b9fc3ddcc07,coded,rule_order,yes,no,yes,True,False,True
mock_semantic,7a6ba4554fde08b7a2c580c8,canonical,,,no,no,True,True,True
mock_carrier,0d719e266a2a15946b29d37b,coded,extra_space,yes,conflict,yes,True,False,True
mock_semantic,fcd66e35c0c330ac2e539dd4,canonical,,,yes,yes,True,True,True
mock_carrier,2074c9cce8705585023bd5ea,coded,extra_space,yes,yes,yes,True,True,True
mock_endpoint_only,16b4ff5441686cb974ae0e64,facts_missing,,,conflict,underdetermined,True,True,False
mock_semantic,bbc9f21a398c6b5e1cf1bacc,coded,extra_space,conflict,no,no,True,True,True
mock_constant,74e531a494a9562ec3397d50,coded,rule_order,no,conflict,yes,True,False,False
mock_semantic,83df0afe135bd96f96f4916d,coded,extra_space,conflict,yes,yes,True,True,True
mock_carrier,d4b55c870905e05a1ac12132,canonical,,,no,no,True,True,True
mock_constant,f717ae404e4e138069e56ab8,coded,extra_space,conflict,conflict,yes,True,False,False
mock_semantic,752da5a42a24e1608c8ebfdf,coded,rule_order,yes,yes,yes,True,True,True
mock_carrier,fcd66e35c0c330ac2e539dd4,canonical,,,yes,yes,True,True,True
mock_semantic,7fa73b71af12a6ae782c451c,canonical,,,conflict,conflict,True,True,True
mock_constant,ec37f6383fb43f724430dda2,coded,rule_order,conflict,no,yes,True,False,False
mock_constant,0e222e56f831ba16e9ee51a2,facts_missing,,,conflict,yes,True,False,False
mock_constant,cffbfe936c588ff5be9110c7,coded,rule_order,conflict,yes,yes,True,True,False
mock_semantic,74e531a494a9562ec3397d50,coded,rule_order,no,conflict,conflict,True,True,True
mock_constant,171dd739d3b38874962ec8b8,coded,rule_order,yes,no,yes,True,False,False
mock_carrier,332d3a6af20a65189f4d096c,coded,rule_order,no,conflict,no,True,False,True
mock_semantic,0113a4662b5d8dca6f4337d2,coded,extra_space,no,yes,yes,True,True,True
mock_constant,0113a4662b5d8dca6f4337d2,coded,extra_space,no,yes,yes,True,True,False
mock_semantic,b7456db7ede07b427a8bcbf3,coded,rule_order,no,no,no,True,True,True
mock_constant,94cb1fd5c339e31a580702f7,coded,rule_order,yes,no,yes,True,False,False
mock_constant,eaccf4648908ce58e3c9600f,coded,rule_order,conflict,yes,yes,True,True,False
mock_semantic,b04c811b8f477d0f8a23ccfd,coded,rule_order,no,no,no,True,True,True
mock_endpoint_only,c8ba2a27bd7012ca6e1f3d3d,coded,extra_space,no,yes,yes,True,True,False
mock_constant,7159e388218d51604b4d3151,coded,extra_space,conflict,yes,yes,True,True,False
mock_constant,e7d37d8839f462118ef0ce90,coded,extra_space,yes,no,yes,True,False,False
mock_constant,4135261cdac8e4252253c72e,coded,extra_space,conflict,conflict,yes,True,False,False
mock_endpoint_only,171dd739d3b38874962ec8b8,coded,rule_order,yes,no,no,True,True,False
mock_constant,7fa73b71af12a6ae782c451c,canonical,,,conflict,yes,True,False,False
mock_semantic,e1479f022c69548ae3ec4619,coded,extra_space,conflict,conflict,conflict,True,True,True
mock_carrier,8180708455aa9e5875a061b1,coded,extra_space,yes,no,yes,True,False,True
mock_constant,b5260eca334e033f2cd69dd3,canonical,,,yes,yes,True,True,False
mock_constant,0568f50e515c9cc2d4affb8b,facts_missing,,,no,yes,True,False,False
mock_semantic,64bf5836f915879ffc7f1739,coded,extra_space,yes,conflict,conflict,True,True,True
mock_endpoint_only,f5460721ebffe034735216ba,coded,extra_space,no,no,no,True,True,False
mock_constant,159f54ec4ce69182206375ba,answer_only,,,no,yes,True,False,False
mock_endpoint_only,a435626c41bf4ceabfe010c9,answer_only,,,conflict,conflict,True,True,False
mock_semantic,e7d37d8839f462118ef0ce90,coded,extra_space,yes,no,no,True,True,True
mock_constant,752da5a42a24e1608c8ebfdf,coded,rule_order,yes,yes,yes,True,True,False
mock_semantic,46ec8dfc7c6b526dfe2efed6,answer_only,,,no,no,True,True,False
mock_carrier,df8e8aa13e3a74c977ca352d,coded,rule_order,no,yes,no,True,False,True
mock_endpoint_only,ed43b17991a5c49771e89512,coded,extra_space,yes,conflict,conflict,True,True,False
mock_carrier,8565679f5bee333289b162f5,canonical,,,no,no,True,True,True
mock_semantic,7935988f8aa03f2a158b56d7,coded,extra_space,no,conflict,conflict,True,True,True
mock_carrier,bfa7dd2310736327452b8816,coded,rule_order,conflict,conflict,conflict,True,True,True
mock_endpoint_only,65e796ddda6eaadfa79070f3,coded,extra_space,no,conflict,conflict,True,True,False
mock_endpoint_only,df8e8aa13e3a74c977ca352d,coded,rule_order,no,yes,yes,True,True,False
mock_semantic,799f994183a9b2be6e95e6c4,coded,rule_order,conflict,conflict,conflict,True,True,True
mock_semantic,c2c86fa436814f9ceb9db6e1,coded,rule_order,no,no,no,True,True,True
mock_endpoint_only,f554cdfb1e9db76ca0ec251f,facts_missing,,,yes,underdetermined,True,True,False
mock_carrier,65e796ddda6eaadfa79070f3,coded,extra_space,no,conflict,no,True,False,True
mock_semantic,bfa7dd2310736327452b8816,coded,rule_order,conflict,conflict,conflict,True,True,True
mock_semantic,1d5e5e425bb33abdd7e2690d,answer_only,,,conflict,conflict,True,True,False
mock_carrier,b73126792f6d6ca842eac3e9,answer_only,,,no,no,True,True,False
mock_endpoint_only,4558ffe12913cbd9624ceec0,answer_only,,,no,no,True,True,False
mock_carrier,4885eb270901981b84bf84ea,facts_missing,,,yes,underdetermined,True,True,False
mock_semantic,08a8b1f3bafb65757fa82468,facts_missing,,,no,underdetermined,True,True,False
mock_carrier,c36acf79baeac2c211110ee9,coded,rule_order,no,no,no,True,True,True
mock_semantic,332d3a6af20a65189f4d096c,coded,rule_order,no,conflict,conflict,True,True,True
mock_carrier,ed43b17991a5c49771e89512,coded,extra_space,yes,conflict,yes,True,False,True
mock_carrier,3ce8c2fab13d2fb7c72ad698,coded,extra_space,no,no,no,True,True,True
mock_endpoint_only,cd235505dc17f3716e4574a0,facts_missing,,,yes,underdetermined,True,True,False
mock_endpoint_only,1d5e5e425bb33abdd7e2690d,answer_only,,,conflict,conflict,True,True,False
mock_semantic,dd70729df552b20303d32fef,coded,rule_order,conflict,no,no,True,True,True
mock_carrier,b7456db7ede07b427a8bcbf3,coded,rule_order,no,no,no,True,True,True
mock_constant,1036d8a39dd976c26957f6bc,coded,rule_order,conflict,yes,yes,True,True,False
mock_semantic,4558ffe12913cbd9624ceec0,answer_only,,,no,no,True,True,False
mock_endpoint_only,159f54ec4ce69182206375ba,answer_only,,,no,no,True,True,False
mock_endpoint_only,b04c811b8f477d0f8a23ccfd,coded,rule_order,no,no,no,True,True,False
mock_constant,4a46b6a46c387664f1050288,coded,rule_order,no,yes,yes,True,True,False
mock_constant,46ec8dfc7c6b526dfe2efed6,answer_only,,,no,yes,True,False,False
mock_semantic,cffbfe936c588ff5be9110c7,coded,rule_order,conflict,yes,yes,True,True,True
mock_constant,e1479f022c69548ae3ec4619,coded,extra_space,conflict,conflict,yes,True,False,False
mock_endpoint_only,8565679f5bee333289b162f5,canonical,,,no,no,True,True,False
mock_semantic,d4b55c870905e05a1ac12132,canonical,,,no,no,True,True,True
mock_carrier,702b26fa03d9d62b502bfe97,facts_missing,,,no,underdetermined,True,True,False
mock_semantic,eaccf4648908ce58e3c9600f,coded,rule_order,conflict,yes,yes,True,True,True
mock_carrier,cd235505dc17f3716e4574a0,facts_missing,,,yes,underdetermined,True,True,False
mock_carrier,159f54ec4ce69182206375ba,answer_only,,,no,no,True,True,False
mock_constant,c3d6687cfcce319224b1d22e,coded,extra_space,yes,no,yes,True,False,False
mock_endpoint_only,dd70729df552b20303d32fef,coded,rule_order,conflict,no,no,True,True,False
mock_carrier,ee226c00151ecc593e21f772,coded,extra_space,yes,conflict,yes,True,False,True
mock_endpoint_only,a90577cb42280073d10f9739,coded,extra_space,yes,yes,yes,True,True,False
mock_endpoint_only,1394eeab82b6ec3395caac26,answer_only,,,conflict,conflict,True,True,False
mock_constant,e142b34c181c34ab7c8273f7,coded,rule_order,conflict,yes,yes,True,True,False
mock_constant,c2c86fa436814f9ceb9db6e1,coded,rule_order,no,no,yes,True,False,False
mock_semantic,f554cdfb1e9db76ca0ec251f,facts_missing,,,yes,underdetermined,True,True,False
mock_semantic,30fcdf1b15bcf43d8a10ac6b,answer_only,,,yes,yes,True,True,False
mock_semantic,4681f059e25eb993b0b60eef,coded,rule_order,no,yes,yes,True,True,True
mock_endpoint_only,0568f50e515c9cc2d4affb8b,facts_missing,,,no,underdetermined,True,True,False
mock_endpoint_only,4dddfce0729a7cb8d7ad52ed,coded,extra_space,conflict,conflict,conflict,True,True,False
mock_endpoint_only,b5260eca334e033f2cd69dd3,canonical,,,yes,yes,True,True,False
mock_semantic,85d9300c66c8433fb456ee80,coded,rule_order,conflict,conflict,conflict,True,True,True
